document_credit_no,date_of_issue,applicant,beneficiary,currency_amount,available_with,drafts_at,drawee,partial_shipments,transshipment,port_of_loading,port_of_discharge,latest_shipment_date,goods_description,documents_required,additional_conditions,charges,presentation_period,confirmation,negotiating_bank_instructions,advise_through,goods_quantity,goods_price,goods_incoterm
LC-949642,1977-09-08,"Harris-Taylor, 37121 Jennifer Landing Apt. 121, Bruceville, VT 32164","Kramer Ltd, 9110 Brown Plaza Apt. 906, South Thomasview, NY 68969",MGA 29306,Mejia Ltd,Sight,"Carter, Velasquez and Mcbride",Not Allowed,Allowed,Port Sara,Myersberg,2025-08-31,Model make policy draw husband half exist ball maybe describe word push situation.,"Commercial Invoice, Packing List, B/L",Documents must be in English.,All banking charges outside India are on beneficiary's account.,21 days after shipment,Add,Negotiate under reserve.,"Thomas, Dixon and Martinez",671 units,2899,EXW
LC-238146,1972-01-09,"Joseph LLC, Unit 7441 Box 2467, DPO AP 80050","Miller-Jennings, 70632 Ryan Streets, Lake Lauren, RI 31331",SVC 62157,Cooper-Fitzgerald,Sight,Baker-Young,Not Allowed,Not Allowed,Finleyberg,Rickyberg,2025-08-05,College same economic necessary never red long read end happy provide show.,"Commercial Invoice, Packing List, B/L",Documents must be in English.,All banking charges outside India are on beneficiary's account.,21 days after shipment,Without,Negotiate under reserve.,Soto-Andrade,401 units,2604,EXW
LC-585787,2000-05-23,"Marsh-Chase, 627 Justin Summit Apt. 744, Jamesfurt, OK 94813","Taylor, Maldonado and Hurley, 616 Gregory Tunnel Suite 609, Ellisbury, LA 02452",CLP 62657,"King, Calderon and Hernandez",Sight,Williamson-Silva,Not Allowed,Not Allowed,Port Tara,Scotttown,2025-08-07,Safe economy people difference college clear PM although available involve read note billion.,"Commercial Invoice, Packing List, B/L",Documents must be in English.,All banking charges outside India are on beneficiary's account.,21 days after shipment,Add,Negotiate under reserve.,Williams LLC,80 units,620,CIF
LC-608559,2007-07-22,"Alvarez, Singleton and Baker, 79649 Laura Underpass, New Davidhaven, SC 57560","Sims-Davila, 575 Smith Forks, East Vanessaburgh, FL 36532",XDR 95877,Franklin-Long,Sight,Morton-White,Not Allowed,Not Allowed,Thompsonland,Powersmouth,2025-07-20,Offer picture month admit than dog fire kind.,"Commercial Invoice, Packing List, B/L",Documents must be in English.,All banking charges outside India are on beneficiary's account.,21 days after shipment,May Add,Negotiate under reserve.,"Andrews, Walker and Greer",879 units,4469,EXW
LC-58279,1986-03-03,"Henderson, Owen and Davis, 372 Turner Tunnel Suite 305, Lake Andrea, NE 82488","Michael-Stevens, 14502 Singleton Circle Suite 434, Karafurt, IL 19224",JOD 16141,"Fernandez, Lyons and Calderon",Sight,Reed Group,Not Allowed,Not Allowed,Hernandezton,Mathewsside,2025-07-24,Poor example reveal dinner card live to political likely.,"Commercial Invoice, Packing List, B/L",Documents must be in English.,All banking charges outside India are on beneficiary's account.,21 days after shipment,Add,Negotiate under reserve.,White-Odonnell,488 units,8108,DDP
LC-122889,2012-02-18,"Whitaker and Sons, Unit 1358 Box 6202, DPO AE 26104","Carney-Wiley, 880 Long Wall, New Dalechester, OK 20643",SOS 30264,"Cooley, Miller and Smith",Sight,Small and Sons,Not Allowed,Allowed,Jonesmouth,North Ashleybury,2025-08-10,Most serious without decision political this trip no machine treat but recent.,"Commercial Invoice, Packing List, B/L",Documents must be in English.,All banking charges outside India are on beneficiary's account.,21 days after shipment,May Add,Negotiate under reserve.,"Mcgee, Hansen and Montgomery",702 units,2401,EXW
LC-148474,2000-12-15,"Mills, Fernandez and Kelly, 8286 Christopher Mountain, Port Karla, WA 98890","Logan-Lee, 3787 Joshua Plains, Port Rickymouth, RI 57257",LBP 87119,Camacho-Garcia,Sight,"Robbins, Barrett and Castillo",Not Allowed,Not Allowed,Port Patrick,New Charlesborough,2025-08-17,Start wrong especially interesting practice quality per state million from choice practice.,"Commercial Invoice, Packing List, B/L",Documents must be in English.,All banking charges outside India are on beneficiary's account.,21 days after shipment,Add,Negotiate under reserve.,"Sims, Mills and Andrade",163 units,117,FOB
LC-287437,2020-05-02,"Ruiz-Schmidt, USNS Ramos, FPO AP 21201","Vazquez, Torres and Hines, 892 Caldwell Estate Apt. 316, Hubbardland, MN 94291",SDG 75566,Martin-Buck,Sight,Williams-Myers,Not Allowed,Allowed,Joshuafurt,Ashleytown,2025-09-01,To fast even cut sometimes wind.,"Commercial Invoice, Packing List, B/L",Documents must be in English.,All banking charges outside India are on beneficiary's account.,21 days after shipment,Add,Negotiate under reserve.,"Lozano, Esparza and Frey",319 units,5334,FOB
LC-311437,1983-03-10,"Hall-Avila, 70693 Fuller Mills Suite 818, South Sean, WI 93291","Fox Group, 833 Gilbert Trafficway, Seantown, NV 92979",GBP 27652,Brooks-Lowe,Sight,Stewart Group,Not Allowed,Allowed,Port Adam,South Brittanybury,2025-09-16,Dark speech nearly every say their traditional by example important develop.,"Commercial Invoice, Packing List, B/L",Documents must be in English.,All banking charges outside India are on beneficiary's account.,21 days after shipment,Add,Negotiate under reserve.,Newton-Gilmore,667 units,7365,DDP
LC-180208,2021-12-23,"Esparza, Barrett and Johnson, 860 Blake Port Apt. 391, Sabrinaport, ME 81501","Wilson-Perry, PSC 8214, Box 9778, APO AA 53628",RON 52258,Schultz PLC,Sight,Henry-Huff,Allowed,Not Allowed,Port Antonioton,Reynoldshaven,2025-08-25,Avoid policy song western region near.,"Commercial Invoice, Packing List, B/L",Documents must be in English.,All banking charges outside India are on beneficiary's account.,21 days after shipment,May Add,Negotiate under reserve.,Waters-Thomas,863 units,9481,CIF
LC-69619,2016-06-10,"Miller, Lee and Barton, 726 Brittany View Apt. 614, Derekmouth, CO 53853","Aguilar, Mack and Leonard, 867 Mcguire Pine, Sullivanview, UT 34614",AWG 15666,"Orr, Stewart and Johnson",Sight,Wright Group,Allowed,Allowed,Stevenborough,Lake Tammyborough,2025-08-01,Wife sea TV significant look herself car fast.,"Commercial Invoice, Packing List, B/L",Documents must be in English.,All banking charges outside India are on beneficiary's account.,21 days after shipment,Add,Negotiate under reserve.,"Lam, Roberts and Saunders",740 units,1820,CIF
LC-511394,1990-12-18,"Green-Webb, 8410 Brittany Street, Port Aaron, FL 06903","Garcia, Blair and Hoffman, 9348 Harris Valley, Jenniferhaven, OR 86709",ALL 61092,Alvarado-Atkinson,Sight,"Lawrence, Clark and Nelson",Allowed,Not Allowed,South James,South Dustinstad,2025-08-19,Let oil religious control argue her admit task group listen difference want.,"Commercial Invoice, Packing List, B/L",Documents must be in English.,All banking charges outside India are on beneficiary's account.,21 days after shipment,Without,Negotiate under reserve.,"Miller, Jackson and Garcia",739 units,9072,FOB
LC-140642,2021-09-08,"Stanton-Russell, 39508 Keith Passage Suite 915, Hamiltonchester, AS 29215","Phelps Ltd, 78685 Cruz Way, South Roberto, SC 06602",LAK 92582,Frazier-Holt,Sight,Sawyer and Sons,Allowed,Not Allowed,South Christopherbury,Jaredshire,2025-09-07,Fund old partner direction idea sell trade standard.,"Commercial Invoice, Packing List, B/L",Documents must be in English.,All banking charges outside India are on beneficiary's account.,21 days after shipment,Without,Negotiate under reserve.,Fitzgerald-Sanchez,38 units,8573,CIF
LC-446985,2012-07-31,"Owens, Adkins and Campbell, 22858 Matthew Rue, Smithside, WV 56921","Santiago Ltd, 0380 Andrew Burg Apt. 637, Melaniechester, NM 52312",KZT 57610,Lopez PLC,Sight,Hernandez and Sons,Allowed,Allowed,Timothymouth,New Jason,2025-08-29,Arm happy month party lot bed teacher.,"Commercial Invoice, Packing List, B/L",Documents must be in English.,All banking charges outside India are on beneficiary's account.,21 days after shipment,Add,Negotiate under reserve.,"Bowman, Jenkins and Smith",211 units,8461,FOB
LC-291885,1995-02-03,"Jackson-Lee, 0954 Donna Causeway, New Bryanview, CT 37906","Williams Ltd, 193 Watson Villages Apt. 404, Evansside, MI 79601",LBP 37581,Glover LLC,Sight,"Williams, Walsh and Fischer",Not Allowed,Allowed,Millerhaven,East William,2025-09-01,Commercial series guy suggest management science if create draw drug movie agree.,"Commercial Invoice, Packing List, B/L",Documents must be in English.,All banking charges outside India are on beneficiary's account.,21 days after shipment,Without,Negotiate under reserve.,Moore-Villa,553 units,3605,FOB
LC-203609,1970-03-03,"Flynn Inc, 008 Debra Village, South Jeremyborough, MP 68166","Elliott Group, 485 Thomas Knolls Apt. 634, West Tylerfurt, PA 31042",GMD 88683,Boyd-Shah,Sight,"Austin, Lamb and Robinson",Not Allowed,Allowed,Martinstad,Lake Jacobberg,2025-07-28,Team consider choose receive see eye various world right.,"Commercial Invoice, Packing List, B/L",Documents must be in English.,All banking charges outside India are on beneficiary's account.,21 days after shipment,Without,Negotiate under reserve.,"Lopez, Mata and Parks",876 units,7390,EXW
LC-124463,1980-08-04,"Johnson-Sanchez, 99643 Garrett Plains Suite 299, Johnsonhaven, TN 17384","Thompson, Becker and Harrington, 22388 Williams Fields Apt. 320, East Kathy, PW 10457",MGA 84666,Barrett-Zuniga,Sight,Miller and Sons,Allowed,Allowed,West Kelly,South Edwardshire,2025-08-24,Direction example shake catch Mrs thing accept likely.,"Commercial Invoice, Packing List, B/L",Documents must be in English.,All banking charges outside India are on beneficiary's account.,21 days after shipment,Without,Negotiate under reserve.,Francis Inc,115 units,4254,DDP
LC-808994,2021-04-10,"Snyder, Jimenez and Smith, 581 Rogers Rapids Apt. 850, Zacharyville, PW 94738","Harrington-Hill, 0652 Clinton Rapids Apt. 630, Peterside, VI 25620",KPW 35524,"Carroll, Tanner and Jordan",Sight,Carpenter and Sons,Not Allowed,Not Allowed,Joseborough,Jeannestad,2025-08-30,Way live beyond but pull because particular.,"Commercial Invoice, Packing List, B/L",Documents must be in English.,All banking charges outside India are on beneficiary's account.,21 days after shipment,May Add,Negotiate under reserve.,"Brown, Graves and Bennett",165 units,2177,CIF
LC-56287,1981-01-25,"Wiley-Sherman, PSC 8818, Box 9224, APO AE 59023","Skinner, Harper and Hendricks, 19953 Thomas Mission, Edwardsmouth, NJ 94472",JEP 97032,"Jordan, Robinson and Goodman",Sight,"Holmes, Martin and Burch",Allowed,Allowed,Jensenshire,Burgesston,2025-08-03,Imagine in nor behind what will low central physical whether financial leave most.,"Commercial Invoice, Packing List, B/L",Documents must be in English.,All banking charges outside India are on beneficiary's account.,21 days after shipment,May Add,Negotiate under reserve.,Logan-Wilkins,856 units,9180,CIF
LC-122702,1978-11-30,"West-Jackson, 22953 William Mews Suite 057, Bethburgh, OR 78269","Perez, Harrington and Garrett, 684 Villanueva Ways Suite 617, East Patrick, NH 90227",PYG 21548,Jenkins-Parker,Sight,Rowe-Gomez,Not Allowed,Not Allowed,New Waynefort,Murphybury,2025-08-10,Difficult low your type building their nice.,"Commercial Invoice, Packing List, B/L",Documents must be in English.,All banking charges outside India are on beneficiary's account.,21 days after shipment,Without,Negotiate under reserve.,Burns-Perez,637 units,1850,EXW
LC-802279,2018-11-23,"Moran-Russell, 2652 Erica Mountain Apt. 830, New Kyle, VI 93590","Bauer, Hamilton and Hill, 010 Dean Islands, Christopherton, NE 51906",CLP 65041,"Coleman, Booth and Carey",Sight,Stephens-Jones,Allowed,Not Allowed,Williamland,Lake Kevinhaven,2025-07-27,Build however consider discover while smile name Mrs.,"Commercial Invoice, Packing List, B/L",Documents must be in English.,All banking charges outside India are on beneficiary's account.,21 days after shipment,May Add,Negotiate under reserve.,Powell LLC,607 units,5750,DDP
LC-267087,2016-01-09,"Smith PLC, 0601 Craig Meadow Suite 808, New Brenda, OK 00652","Hodges, Carson and Cooper, 268 Jones Lakes, Hernandezview, VT 53599",XDR 69185,Washington-Pacheco,Sight,Thomas-Padilla,Not Allowed,Allowed,East Jennifer,South Mary,2025-08-27,Visit I big machine mission fact three watch.,"Commercial Invoice, Packing List, B/L",Documents must be in English.,All banking charges outside India are on beneficiary's account.,21 days after shipment,Add,Negotiate under reserve.,Doyle-White,61 units,1217,FOB
LC-742560,2014-04-05,"Perry Inc, PSC 9549, Box 0386, APO AP 61735","Reed-Bauer, 6864 Fisher Rapids Suite 334, Morenochester, NC 50800",IRR 72027,"Randolph, Bailey and Jones",Sight,Harris LLC,Not Allowed,Allowed,Diazton,South Sophia,2025-08-28,Available story cup account interesting over degree size.,"Commercial Invoice, Packing List, B/L",Documents must be in English.,All banking charges outside India are on beneficiary's account.,21 days after shipment,Add,Negotiate under reserve.,Burton-Lee,809 units,6639,EXW
LC-221973,1985-08-30,"Martinez-Holmes, 68165 Moore Pass, South Stephen, NC 54262","Johnson-Delacruz, 72792 Lisa Stravenue, South Elaine, GU 70099",SOS 68999,Salazar Inc,Sight,Murray PLC,Allowed,Not Allowed,South Angelicaside,West Sarahville,2025-07-30,Be rock body recognize certainly save wide natural prove policy machine success forward.,"Commercial Invoice, Packing List, B/L",Documents must be in English.,All banking charges outside India are on beneficiary's account.,21 days after shipment,May Add,Negotiate under reserve.,Hunter-Price,907 units,8655,CIF
LC-472738,1996-05-12,"Gonzalez, Perry and Moore, USNS Rivera, FPO AP 11337","Valencia-Bell, 913 Cole Lakes, Ashleychester, FM 18562",CRC 23101,Chandler-Patel,Sight,"Stewart, Mills and Bird",Allowed,Allowed,Hamiltontown,Millerhaven,2025-07-23,Father traditional well treat continue strong charge.,"Commercial Invoice, Packing List, B/L",Documents must be in English.,All banking charges outside India are on beneficiary's account.,21 days after shipment,Add,Negotiate under reserve.,Hogan PLC,998 units,9458,EXW
LC-709468,2015-04-24,"Cooper-Bennett, 0810 Ross Hollow, Larsonfort, IN 26352","Nixon, Page and Barber, 7728 Booker Spur Suite 889, Oliverburgh, NY 42375",TMT 86779,Levine-Nash,Sight,"Bryant, Shannon and Delgado",Allowed,Not Allowed,West Cynthia,West Kathrynton,2025-07-21,Late stay get baby pretty price a general form teacher drop total.,"Commercial Invoice, Packing List, B/L",Documents must be in English.,All banking charges outside India are on beneficiary's account.,21 days after shipment,Without,Negotiate under reserve.,Leonard LLC,5 units,3189,EXW
LC-677111,1988-09-15,"Jones, Hurley and Webb, 6887 Mills Trail, South Tarafurt, TN 31094","Johnson, Pierce and Clarke, 911 Boone Junctions Suite 591, New Cindytown, NH 25469",TOP 44650,"Ramirez, Lopez and Shelton",Sight,Reynolds-Wilson,Allowed,Not Allowed,Toniville,Port Patriciastad,2025-08-12,Else compare exist head yes expert tend stuff second rock knowledge notice keep.,"Commercial Invoice, Packing List, B/L",Documents must be in English.,All banking charges outside India are on beneficiary's account.,21 days after shipment,May Add,Negotiate under reserve.,"Hunter, George and Skinner",429 units,756,FOB
LC-602386,1973-04-13,"Fry LLC, 2714 Fisher Garden Apt. 580, Brandonport, IL 17108","Buchanan-Maynard, 70839 King Plains, North Adammouth, MO 67714",PEN 64727,"Leon, Taylor and Briggs",Sight,Weaver PLC,Allowed,Not Allowed,New Jessica,Robertsfort,2025-08-12,Attention top daughter key adult court life brother hundred direction.,"Commercial Invoice, Packing List, B/L",Documents must be in English.,All banking charges outside India are on beneficiary's account.,21 days after shipment,Add,Negotiate under reserve.,"Williams, Tran and Schultz",836 units,5588,EXW
LC-891892,1993-01-20,"Merritt-Garcia, Unit 2193 Box 4311, DPO AP 29316","Ho PLC, 169 Cole Squares, Gailfurt, OH 02719",BDT 70275,Weaver-Nelson,Sight,Hill and Sons,Not Allowed,Allowed,Lukeburgh,Christopherport,2025-08-26,Mr business subject occur ball magazine method soon statement morning.,"Commercial Invoice, Packing List, B/L",Documents must be in English.,All banking charges outside India are on beneficiary's account.,21 days after shipment,Add,Negotiate under reserve.,"Garcia, Williams and Hamilton",821 units,3175,FOB
LC-314516,2002-04-01,"Brown-Brown, 818 Randall Rue Apt. 986, Seanfurt, AK 55596","Reese, Gonzalez and Keller, 0052 Conrad Spur, Scottchester, NC 62656",BYR 43235,Hamilton-Rosario,Sight,"Mason, Barker and Lopez",Allowed,Not Allowed,East Jodyville,Fowlerberg,2025-09-15,Officer either hear school data science case will member thought region turn production.,"Commercial Invoice, Packing List, B/L",Documents must be in English.,All banking charges outside India are on beneficiary's account.,21 days after shipment,Add,Negotiate under reserve.,Maxwell-Ashley,107 units,8587,CIF
LC-913830,1991-11-09,"Green, Sanford and Hicks, 2974 Andrew Crossing Suite 299, Collinsmouth, ME 23435","Campbell-Wilson, 085 Owens Park Apt. 763, Lake Breannamouth, NC 77294",ARS 39224,Wheeler-Page,Sight,"Calhoun, Middleton and King",Allowed,Not Allowed,Robinsonhaven,Cherylport,2025-09-09,Style population audience many particular arrive himself measure fight.,"Commercial Invoice, Packing List, B/L",Documents must be in English.,All banking charges outside India are on beneficiary's account.,21 days after shipment,Without,Negotiate under reserve.,Brown-Cooper,566 units,2841,FOB
LC-584643,1995-02-25,"Robinson-Aguirre, 2533 Theodore Valley, New Amy, WA 19464","Beasley, Johnson and Gomez, 0937 Teresa Ramp, South Jonathon, DC 43348",COP 25093,"Clark, Murphy and Warren",Sight,Bright Ltd,Not Allowed,Not Allowed,Denisefort,North Rodneyburgh,2025-08-03,Phone deal hope us reach surface its land garden blue million.,"Commercial Invoice, Packing List, B/L",Documents must be in English.,All banking charges outside India are on beneficiary's account.,21 days after shipment,May Add,Negotiate under reserve.,"Lawrence, Mercer and Perez",92 units,5616,DDP
LC-418340,2024-11-09,"Young-Bryant, 8009 West Harbor Apt. 366, South Bobby, GA 90752","Page and Sons, 362 Gutierrez Pike Suite 725, South Keith, FM 57498",MNT 44615,Wolfe-Armstrong,Sight,Ferguson Group,Allowed,Allowed,Pittmantown,North Stephenside,2025-08-06,Foot human yes life identify lose democratic soldier send develop give.,"Commercial Invoice, Packing List, B/L",Documents must be in English.,All banking charges outside India are on beneficiary's account.,21 days after shipment,May Add,Negotiate under reserve.,"Owens, Knox and Campbell",373 units,8407,DDP
LC-796912,2025-06-12,"Woods LLC, 470 Wallace Motorway Suite 938, Hardyview, OK 57806","Torres, Rojas and Jones, 725 Daniel Coves, Tinastad, TX 38530",GEL 71388,"Lee, Allen and Padilla",Sight,Garcia-Hobbs,Allowed,Allowed,Lake Kennethhaven,Oliverville,2025-08-27,Country ten arm member them though worker response total station.,"Commercial Invoice, Packing List, B/L",Documents must be in English.,All banking charges outside India are on beneficiary's account.,21 days after shipment,May Add,Negotiate under reserve.,"Ramirez, Valdez and Carlson",509 units,9330,FOB
LC-988590,1993-02-15,"Brown, Rodriguez and Schultz, 799 Thomas Vista Apt. 209, Kellyhaven, LA 40654","Christensen-Nelson, 208 Johnson Harbor Apt. 183, East Karinaside, WV 33042",PKR 18639,Townsend-Nguyen,Sight,"Douglas, Conley and Jones",Allowed,Allowed,Lindseyborough,Port Shawnberg,2025-09-15,Bad pattern strategy those order list themselves.,"Commercial Invoice, Packing List, B/L",Documents must be in English.,All banking charges outside India are on beneficiary's account.,21 days after shipment,May Add,Negotiate under reserve.,Cook-Turner,618 units,5152,DDP
LC-457619,1981-10-04,"Taylor Ltd, 571 Elizabeth Meadows Suite 001, Port James, NJ 16215","Baker-Rogers, 8232 Waters Cove, Brownfurt, MA 54853",NOK 20573,Crawford Ltd,Sight,Rivera PLC,Not Allowed,Not Allowed,Lewisville,Downsbury,2025-08-31,Young way word heavy game crime Congress.,"Commercial Invoice, Packing List, B/L",Documents must be in English.,All banking charges outside India are on beneficiary's account.,21 days after shipment,May Add,Negotiate under reserve.,"Perez, Johnson and Sanford",529 units,6752,FOB
LC-392316,1972-04-21,"Frank-Hamilton, Unit 4101 Box 7930, DPO AE 77079","Simmons, Miller and Patrick, 201 Tyler Bypass, South Cynthiamouth, MT 71927",NAD 99543,Rogers and Sons,Sight,Rodriguez-Stewart,Allowed,Not Allowed,North Joseph,Hartstad,2025-08-26,Some space cover natural first including none health significant suddenly mean.,"Commercial Invoice, Packing List, B/L",Documents must be in English.,All banking charges outside India are on beneficiary's account.,21 days after shipment,Add,Negotiate under reserve.,"Nelson, Faulkner and Huffman",690 units,8071,DDP
LC-609644,2023-10-23,"Anderson, Contreras and Lawrence, 934 Kevin Center Suite 338, New Morgan, MD 41611","Foster, Bailey and Young, 9371 Darin Cape Suite 936, East David, IN 56612",KES 96188,"Buck, Atkinson and Cummings",Sight,Martin-Allen,Not Allowed,Allowed,Wallacebury,South Charles,2025-08-20,Trip above effort strong charge note site.,"Commercial Invoice, Packing List, B/L",Documents must be in English.,All banking charges outside India are on beneficiary's account.,21 days after shipment,May Add,Negotiate under reserve.,Good PLC,82 units,2962,EXW
LC-498089,1970-09-12,"Harper-Porter, 965 Jordan Locks Apt. 778, Shaneburgh, WV 17522","Yu-Kidd, 63649 White Ferry Suite 741, Riveraland, OH 92239",GMD 77237,Burke-Guerrero,Sight,Whitney Ltd,Allowed,Allowed,West Amyview,Kellyberg,2025-08-09,Study office music seven campaign if offer democratic season full structure.,"Commercial Invoice, Packing List, B/L",Documents must be in English.,All banking charges outside India are on beneficiary's account.,21 days after shipment,May Add,Negotiate under reserve.,Wolf-Barrett,827 units,8822,EXW
LC-100475,2008-09-28,"Riley Ltd, USNV Gonzales, FPO AE 70246","Gardner and Sons, 3869 Thomas Square, East Megan, LA 92188",KHR 26039,"Todd, Rios and Williams",Sight,"Brown, Hall and Freeman",Allowed,Allowed,North Johnside,Ricefurt,2025-07-21,Thought machine reflect figure stop daughter blood.,"Commercial Invoice, Packing List, B/L",Documents must be in English.,All banking charges outside India are on beneficiary's account.,21 days after shipment,Add,Negotiate under reserve.,"Scott, Villanueva and Rice",752 units,4959,FOB
LC-958230,1977-11-15,"Mcintyre-Grimes, 506 Morris Tunnel, New Eric, NJ 03787","Martinez-Romero, 722 May Forest, South Angelabury, VT 10830",IRR 43999,Olson-King,Sight,Mayer Group,Not Allowed,Not Allowed,Port Roberttown,Barreraview,2025-07-31,War why feeling final both ready bar its wait each us time.,"Commercial Invoice, Packing List, B/L",Documents must be in English.,All banking charges outside India are on beneficiary's account.,21 days after shipment,Without,Negotiate under reserve.,"Martinez, Johnson and Turner",574 units,1360,FOB
LC-237879,2008-07-11,"Rogers-Strong, 72221 Richard Points, Lake Jasonhaven, OH 84569","Miller, Anderson and Rodriguez, USNV Wilson, FPO AP 98772",MUR 78832,Bautista-Hogan,Sight,Boyd PLC,Not Allowed,Allowed,Port Lisaberg,East Stephen,2025-09-10,Low mission list around executive drive attention.,"Commercial Invoice, Packing List, B/L",Documents must be in English.,All banking charges outside India are on beneficiary's account.,21 days after shipment,May Add,Negotiate under reserve.,Garcia Ltd,557 units,3648,FOB
LC-745707,1979-08-09,"Dean Group, 97213 Lance Mountains Suite 258, West Brett, GU 81316","Melton, White and Griffin, 6587 Jessica Port, North Sheila, CA 43712",NAD 56970,Rasmussen-Harding,Sight,"Velasquez, Gomez and Moore",Not Allowed,Allowed,Lake Shawn,Careyville,2025-08-08,Laugh building main see position should season hit.,"Commercial Invoice, Packing List, B/L",Documents must be in English.,All banking charges outside India are on beneficiary's account.,21 days after shipment,May Add,Negotiate under reserve.,Gross-Brown,835 units,103,DDP
LC-454060,1992-08-28,"Meyer and Sons, 35812 Price Crossing, Franklinville, MA 16296","Garcia-Lynch, 098 Jones Cove Suite 687, Port Joshua, VA 61633",TZS 87057,Terrell-Bailey,Sight,"Young, Brooks and Jackson",Allowed,Not Allowed,Fritzview,West Nicoleborough,2025-08-07,Avoid more in girl find bed institution this already shake race growth.,"Commercial Invoice, Packing List, B/L",Documents must be in English.,All banking charges outside India are on beneficiary's account.,21 days after shipment,Without,Negotiate under reserve.,Cooke-Fisher,704 units,6601,DDP
LC-677265,1975-09-03,"Joseph Group, 94191 Ali Islands Apt. 482, Lake Cassie, OR 43425","Garrison, Cherry and Hale, 64313 Nancy Spring Suite 610, Williamsonland, PA 71238",MOP 79570,"Santiago, Coleman and Lara",Sight,Carr Ltd,Not Allowed,Not Allowed,Bensonmouth,Port Lindsaymouth,2025-08-29,Image onto themselves staff international staff compare thousand accept much.,"Commercial Invoice, Packing List, B/L",Documents must be in English.,All banking charges outside India are on beneficiary's account.,21 days after shipment,Without,Negotiate under reserve.,Prince Inc,893 units,466,FOB
LC-780590,2002-09-08,"Young-Morrow, 37321 Holt Walk Suite 027, Kyleburgh, ND 64021","Bennett PLC, 857 Johnson Fork, Lake Alexandermouth, VA 57030",VEF 65671,Alvarez LLC,Sight,Hernandez-Ortega,Allowed,Not Allowed,Whitefort,Hartmouth,2025-09-16,Heart from lot use economy leg matter rest.,"Commercial Invoice, Packing List, B/L",Documents must be in English.,All banking charges outside India are on beneficiary's account.,21 days after shipment,Add,Negotiate under reserve.,"Diaz, Reynolds and Martin",494 units,2776,FOB
LC-951208,1999-01-06,"Hatfield Group, 1001 Matthew Junctions, East Aliciafort, MH 16546","Bell, Brennan and Ramos, 079 James Manor, Adamhaven, PR 13998",BHD 84452,Dalton Inc,Sight,Griffin-Parker,Not Allowed,Allowed,West Robert,Lake Beckyton,2025-08-27,Affect position give five pull main recently garden foot present institution.,"Commercial Invoice, Packing List, B/L",Documents must be in English.,All banking charges outside India are on beneficiary's account.,21 days after shipment,Add,Negotiate under reserve.,Schneider-Chung,306 units,7091,FOB
LC-676652,2017-04-18,"Hughes, Morales and Wright, 0525 Jacqueline Flat, Jasonmouth, NE 88717","Hall, Morrow and Simon, 0367 Pearson Crossing Suite 632, East Kevinmouth, IN 48455",AZN 84087,Morton-Alvarez,Sight,Ford-Hicks,Not Allowed,Allowed,Kevinborough,Lake Bradley,2025-08-06,Charge lawyer collection me bar yes.,"Commercial Invoice, Packing List, B/L",Documents must be in English.,All banking charges outside India are on beneficiary's account.,21 days after shipment,Add,Negotiate under reserve.,Freeman-Collins,847 units,3059,EXW
LC-827720,2009-05-31,"Morrison, Holland and Baldwin, 0881 Roger Brook Suite 876, East Lorifurt, DC 67037","Mcmillan, Burgess and Anthony, 741 Vanessa Unions Apt. 660, Jeremymouth, OH 48042",MGA 22085,"Howell, Cruz and Evans",Sight,Valenzuela Group,Allowed,Not Allowed,West Frank,South Jaclynport,2025-09-01,Book appear outside million recent natural dog happen son sometimes himself well wait.,"Commercial Invoice, Packing List, B/L",Documents must be in English.,All banking charges outside India are on beneficiary's account.,21 days after shipment,Add,Negotiate under reserve.,Williams-Smith,786 units,5260,CIF
LC-211563,2015-12-02,"Lloyd Ltd, 97056 Dennis Camp, Natalieview, NE 56364","Ray-Butler, 389 Wilson Camp, Annamouth, FM 63362",BOB 92330,"Reed, Martin and Miles",Sight,"Mckay, Vasquez and Johnson",Not Allowed,Allowed,Cherylview,East Margaret,2025-08-06,Western another lose common reveal finally whether.,"Commercial Invoice, Packing List, B/L",Documents must be in English.,All banking charges outside India are on beneficiary's account.,21 days after shipment,Without,Negotiate under reserve.,Mcdaniel Group,98 units,9234,EXW
